address,final,contract,function,Rater1,Rater2,,,,,
0x00000000000881d280439988781f743e8cdd1fdf,0x00000000000881d280439988781f743e8cdd1fdf,LancetPasscard,setApprovalForAll,TRUE,FALSE,,,,,
0x00d2f4abb3166aabb8e5d8d43e6d571f9a455621,0x00d2f4abb3166aabb8e5d8d43e6d571f9a455621,ERC1363,approveAndCall,FALSE,FALSE,,,,,
0x012116441fe8a8d71ae1043735f6d8e52377e7ec,0x012116441fe8a8d71ae1043735f6d8e52377e7ec,MerkleProof,processProof,FALSE,FALSE,,,,,
0x0130f6b97c9853af6aec4484357eeea2ba2026e3,0x0130f6b97c9853af6aec4484357eeea2ba2026e3,MultiSigWallet,getTransactionIds,TRUE,TRUE,,,,,
0x0130f6b97c9853af6aec4484357eeea2ba2026e3,0x0130f6b97c9853af6aec4484357eeea2ba2026e3,MultiSigWallet,executeTransaction,TRUE,TRUE,,,,,
0x014bdf5237c49fa2b1283aade4db4f78c4c11777,0x014bdf5237c49fa2b1283aade4db4f78c4c11777,FlipItBurgerIngredient,uri,FALSE,FALSE,,,,,
0x030871127463a13accc1f57b7507641540951918,0x030871127463a13accc1f57b7507641540951918,MikuInu,_getValues,TRUE,TRUE,,,,,
0x033e967c29f4f0684e67b70e955a9ea06ca136df,0x033e967c29f4f0684e67b70e955a9ea06ca136df,MerkleProof,processProof,FALSE,FALSE,,,,,
0x064bb504c7dd58dacd1629ca98ffa67081c6cc88,0x064bb504c7dd58dacd1629ca98ffa67081c6cc88,CoinToken,constructor,FALSE,FALSE,,,,,
0x07567f9c3ec198174737451f95fa5b7359615c8a,0x07567f9c3ec198174737451f95fa5b7359615c8a,IouVesting,unstake,FALSE,FALSE,,,,,
0x07cd221b2fe54094277a2f4e1c1bc6df14e63678,0x07cd221b2fe54094277a2f4e1c1bc6df14e63678,ERC721,approve,FALSE,FALSE,,,,,
0x0821f21f21c325ae39557ca83b6b4df525495d06,0x0821f21f21c325ae39557ca83b6b4df525495d06,Aggregator,swap,TRUE,TRUE,,,,,
0x084c3fe5ad3f59af848b372e3cb05093bc8355f4,0x084c3fe5ad3f59af848b372e3cb05093bc8355f4,Hashquests,mintMarketingHashquests,TRUE,FALSE,,,,,
0x08d2f5c96bb1f6be04b49bcd869d5af01db4c400,0x08d2f5c96bb1f6be04b49bcd869d5af01db4c400,Witch,clear,FALSE,FALSE,,,,,
0x097bf0b1678421cec9d00f326eeb2b69b1fa10f0,0x097bf0b1678421cec9d00f326eeb2b69b1fa10f0,MINIWORLDCUPINU,_transfer,TRUE,TRUE,,,,,
0x0983464ea6128e0ce035eb433b7fee6486ae372c,0x0983464ea6128e0ce035eb433b7fee6486ae372c,ERC721B,totalSupply,TRUE,TRUE,,,,,
0x09b2d8b8741538abf56f47be76e37aed31f00e0d,0x09b2d8b8741538abf56f47be76e37aed31f00e0d,OpsCoin,mint,TRUE,TRUE,,,,,
0x09b2d8b8741538abf56f47be76e37aed31f00e0d,0x09b2d8b8741538abf56f47be76e37aed31f00e0d,OpsCoin,burnFrom,TRUE,TRUE,,,,,
0x09b2d8b8741538abf56f47be76e37aed31f00e0d,0x09b2d8b8741538abf56f47be76e37aed31f00e0d,OpsCoin,burn,TRUE,TRUE,,,,,
0x0a580294a72494e1cd6ee63a0c56a1e94398e884,0x0a580294a72494e1cd6ee63a0c56a1e94398e884,MOPSTER,spendature,TRUE,TRUE,,,,,
0x0a580294a72494e1cd6ee63a0c56a1e94398e884,0x0a580294a72494e1cd6ee63a0c56a1e94398e884,MOPSTER,renounceOwnership,TRUE,TRUE,,,,,
0x0a896423178a6699a975e98da5a14e4599d8019f,0x0a896423178a6699a975e98da5a14e4599d8019f,MerkleProof,processProof,FALSE,FALSE,,,,,
0x0a896423178a6699a975e98da5a14e4599d8019f,0x0a896423178a6699a975e98da5a14e4599d8019f,MerkleProof,verify,FALSE,FALSE,,,,,
0x0b0c0c11c83379ceff4f8f04417ab37dd64826d7,0x0b0c0c11c83379ceff4f8f04417ab37dd64826d7,TypeII,balanceOf,TRUE,TRUE,,,,,
0x0c591f90651b5eebfc720ef598da9a31910e8920,0x0c591f90651b5eebfc720ef598da9a31910e8920,AccessControl,transferAdmin,TRUE,TRUE,,,,,
0x0cd925f268678d03057d184ded76d98552d7d837,0x0cd925f268678d03057d184ded76d98552d7d837,LootItems,getLootItem,FALSE,FALSE,,,,,
0x0cd925f268678d03057d184ded76d98552d7d837,0x0cd925f268678d03057d184ded76d98552d7d837,LootItems,updateLootItem,TRUE,TRUE,,,,,
0x0cda3cf64b8f582bb7fc7c921649ad6b19088917,0x0cda3cf64b8f582bb7fc7c921649ad6b19088917,MerkleProof,processProof,FALSE,FALSE,,,,,
0x0cda3cf64b8f582bb7fc7c921649ad6b19088917,0x0cda3cf64b8f582bb7fc7c921649ad6b19088917,MerkleProof,verify,FALSE,FALSE,,,,,
0x0d3e78b85930809f2c395ffe35dfc8dccd10c617,0x0d3e78b85930809f2c395ffe35dfc8dccd10c617,ERC721A,setApprovalForAll,TRUE,TRUE,,,,,
0x0deaa398e9e41d2a7cc78f937e42afd260bf7310,0x0deaa398e9e41d2a7cc78f937e42afd260bf7310,ExclusivePlatform,doTransfer,TRUE,TRUE,,,,,
0x0ea2e92ee9a12c8b5d302249579e636dca7a771b,0x0ea2e92ee9a12c8b5d302249579e636dca7a771b,FluxAggregator,transferAdmin,TRUE,TRUE,,,,,
0x0ea2e92ee9a12c8b5d302249579e636dca7a771b,0x0ea2e92ee9a12c8b5d302249579e636dca7a771b,FluxAggregator,requestNewRound,FALSE,FALSE,,,,,
0x0ef3b2024ae079e6dbc2b37435ce30d2731f0101,0x0ef3b2024ae079e6dbc2b37435ce30d2731f0101,StandardToken,increaseApproval,TRUE,TRUE,,,,,
0x0f0b469014f1293a68936c7fe3cdae749d04541e,0x0f0b469014f1293a68936c7fe3cdae749d04541e,ERC721A,transferFrom,FALSE,FALSE,,,,,
0x0fbf892788a3737d6d0914f5e7e1882015bec0dc,0x0fbf892788a3737d6d0914f5e7e1882015bec0dc,ERC721A,setApprovalForAll,TRUE,TRUE,,,,,
0x0fde4cede2d131f5efb6670e79c2721e82688cea,0x0fde4cede2d131f5efb6670e79c2721e82688cea,PetRock,freeRock,TRUE,FALSE,,,,,
0x0fde4cede2d131f5efb6670e79c2721e82688cea,0x0fde4cede2d131f5efb6670e79c2721e82688cea,PetRock,switchToPublic,TRUE,TRUE,,,,,
0x11ebce0e3a9c30abaeaa8dd4ababc1a9d93de688,0x11ebce0e3a9c30abaeaa8dd4ababc1a9d93de688,CBRNFT,safeTransferFrom,TRUE,TRUE,,,,,
0x11edd3fcd4af50cad80ee2a41d4f9010aedbe271,0x11edd3fcd4af50cad80ee2a41d4f9010aedbe271,Metaminds,mintGiveaway,TRUE,TRUE,,,,,
0x120e3d70b6df098e0bde3ec0c6c82e70b84d70ea,0x120e3d70b6df098e0bde3ec0c6c82e70b84d70ea,MuskGoldFarmV1,cleanupAddress,TRUE,TRUE,,,,,
0x129821f353b950806bc23614db6c16faf2544456,0x129821f353b950806bc23614db6c16faf2544456,OniShibaInu,_transfer,TRUE,TRUE,,,,,
0x12c834f49f1a5732044f72796f57ddb3da2f76d5,0x12c834f49f1a5732044f72796f57ddb3da2f76d5,ERC20,decreaseAllowance,TRUE,TRUE,,,,,
0x12c834f49f1a5732044f72796f57ddb3da2f76d5,0x12c834f49f1a5732044f72796f57ddb3da2f76d5,ERC20,increaseAllowance,TRUE,TRUE,,,,,
0x141c1a97a47ae020939ab1110a954633a0bc920a,0x141c1a97a47ae020939ab1110a954633a0bc920a,ERC20,increaseAllowance,TRUE,TRUE,,,,,
0x141c1a97a47ae020939ab1110a954633a0bc920a,0x141c1a97a47ae020939ab1110a954633a0bc920a,ERC20,_mint,TRUE,TRUE,,,,,
0x141c1a97a47ae020939ab1110a954633a0bc920a,0x141c1a97a47ae020939ab1110a954633a0bc920a,ERC20,decreaseAllowance,TRUE,TRUE,,,,,
0x152a7b1f71293bdea59ea48aeb99b54e80f83427,0x152a7b1f71293bdea59ea48aeb99b54e80f83427,NILO,balanceOf,TRUE,TRUE,,,,,
0x152a7b1f71293bdea59ea48aeb99b54e80f83427,0x152a7b1f71293bdea59ea48aeb99b54e80f83427,NILO,_transfer,TRUE,TRUE,,,,,
0x155e52edaf1d576e33a31ab4a5d3896eb8e6c051,0x155e52edaf1d576e33a31ab4a5d3896eb8e6c051,Ownable,changeOwner,TRUE,FALSE,,,,,
0x166a80a7fb34508196c233e42a4c8bfdb7b2cd07,0x166a80a7fb34508196c233e42a4c8bfdb7b2cd07,ERC721A,setApprovalForAll,TRUE,TRUE,,,,,
0x168070047aaac25e3d5d48526922f6969d08cb9d,0x168070047aaac25e3d5d48526922f6969d08cb9d,HALAL,_transfer,TRUE,TRUE,,,,,
0x16886879d577815c3421fbbee77c85c947caeff6,0x16886879d577815c3421fbbee77c85c947caeff6,ERC20,constructor,TRUE,TRUE,,,,,
0x172f20402afc807c8a5566bceed00831adb938ca,0x172f20402afc807c8a5566bceed00831adb938ca,StandardToken,decreaseApproval,TRUE,FALSE,,,,,
0x177f2ace25f81fc50f9f6e9193adf5ac758e8098,0x177f2ace25f81fc50f9f6e9193adf5ac758e8098,LockDrop,stakeETH,TRUE,TRUE,,,,,
0x18084fba666a33d37592fa2633fd49a74dd93a88,0x18084fba666a33d37592fa2633fd49a74dd93a88,ERC20WithPermit,approveAndCall,FALSE,TRUE,,,,,
0x18ee4d68180e8d0e007481f66c57f89a084891a7,0x18ee4d68180e8d0e007481f66c57f89a084891a7,GTDNToken,GTDNToken,TRUE,TRUE,,,,,
0x1911f2f49e62adea502ccd696a63f989e10fbf3a,0x1911f2f49e62adea502ccd696a63f989e10fbf3a,ACMToken,transferFrom,FALSE,FALSE,,,,,
0x19bd1825fc39dd751f8952e532f7b64a64054c43,0x19bd1825fc39dd751f8952e532f7b64a64054c43,Taiga,_transfer,TRUE,TRUE,,,,,
0x1b9301a08fa97a7d6646afb58bfe93c3927bad26,0x1b9301a08fa97a7d6646afb58bfe93c3927bad26,BACStaking,onERC721Received,FALSE,FALSE,,,,,
0x1be76d67747522bdb79ba30035a00eeb28421f12,0x1be76d67747522bdb79ba30035a00eeb28421f12,RamppERC721A,mintToAdminV2,TRUE,TRUE,,,,,
0x1be76d67747522bdb79ba30035a00eeb28421f12,0x1be76d67747522bdb79ba30035a00eeb28421f12,RamppERC721A,mintToMultiple,TRUE,TRUE,,,,,
0x1be76d67747522bdb79ba30035a00eeb28421f12,0x1be76d67747522bdb79ba30035a00eeb28421f12,RamppERC721A,mintTo,TRUE,TRUE,,,,,
0x1c4f0fa4cb34cc327ecc3e8500df920eef2de967,0x1c4f0fa4cb34cc327ecc3e8500df920eef2de967,ETM,safeTransferFrom,TRUE,TRUE,,,,,
0x1c4f0fa4cb34cc327ecc3e8500df920eef2de967,0x1c4f0fa4cb34cc327ecc3e8500df920eef2de967,ETM,totalSupply,TRUE,TRUE,,,,,
0x1cc520f2af08faaab1576af38f4e44ece19ea203,0x1cc520f2af08faaab1576af38f4e44ece19ea203,ERC721A,setApprovalForAll,TRUE,TRUE,,,,,
0x1d556d7fb1af721da8b9c30d44f6d4a52f8e0ba2,0x1d556d7fb1af721da8b9c30d44f6d4a52f8e0ba2,Token,unFreeze,FALSE,FALSE,,,,,
0x1e49ff77c355a3e38d6651ce8404af0e48c5395f,0x1e49ff77c355a3e38d6651ce8404af0e48c5395f,MTRCToken,mint,FALSE,FALSE,,,,,
0x1e49ff77c355a3e38d6651ce8404af0e48c5395f,0x1e49ff77c355a3e38d6651ce8404af0e48c5395f,UpgradeableToken,UpgradeableToken,TRUE,TRUE,,,,,
0x1ecfdccf97edd64fb73890ca4541f306456a21ec,0x1ecfdccf97edd64fb73890ca4541f306456a21ec,Metarelics,mint,TRUE,TRUE,,,,,
0x1ecfdccf97edd64fb73890ca4541f306456a21ec,0x1ecfdccf97edd64fb73890ca4541f306456a21ec,Metarelics,secondaryMint,TRUE,TRUE,,,,,
0x1ecfdccf97edd64fb73890ca4541f306456a21ec,0x1ecfdccf97edd64fb73890ca4541f306456a21ec,Metarelics,presaleMint,TRUE,TRUE,,,,,
0x1ecfdccf97edd64fb73890ca4541f306456a21ec,0x1ecfdccf97edd64fb73890ca4541f306456a21ec,Metarelics,requireChecks,TRUE,TRUE,,,,,
0x1edd2ddfc9f81e55ab1ec5431a77af7d1681c725,0x1edd2ddfc9f81e55ab1ec5431a77af7d1681c725,KatanaNSamurai,shogunate,FALSE,FALSE,,,,,
0x1fe4d0d3f44d86ca4db8cdbccd22d2e61020cbc6,0x1fe4d0d3f44d86ca4db8cdbccd22d2e61020cbc6,TDAO,transfer,TRUE,TRUE,,,,,
0x1fe4d0d3f44d86ca4db8cdbccd22d2e61020cbc6,0x1fe4d0d3f44d86ca4db8cdbccd22d2e61020cbc6,TDAO,_transfer,TRUE,TRUE,,,,,
0x1fe4d0d3f44d86ca4db8cdbccd22d2e61020cbc6,0x1fe4d0d3f44d86ca4db8cdbccd22d2e61020cbc6,TDAO,transferFrom,TRUE,TRUE,,,,,
0x2073c123635ae602635ce98e57e749bbbf86723b,0x2073c123635ae602635ce98e57e749bbbf86723b,MedCo,_beforeTokenTransfer,TRUE,TRUE,,,,,
0x20a9794e2189ebec11e40aeef963ee53491949cd,0x20a9794e2189ebec11e40aeef963ee53491949cd,StandardToken,increaseApproval,TRUE,TRUE,,,,,
0x220524bdf02ccfdf009f47ad4e483439ff136a9c,0x220524bdf02ccfdf009f47ad4e483439ff136a9c,SaleManager,createUser,FALSE,FALSE,,,,,
0x220524bdf02ccfdf009f47ad4e483439ff136a9c,0x220524bdf02ccfdf009f47ad4e483439ff136a9c,ERC721,tokenURI,FALSE,FALSE,,,,,
0x22987407fd1fc5a971e3fda3b3e74c88666cda91,0x22987407fd1fc5a971e3fda3b3e74c88666cda91,SRTToken,constructor,TRUE,TRUE,,,,,
0x232c59f1b6c2cba7338436440d46f4efa1db2b5b,0x232c59f1b6c2cba7338436440d46f4efa1db2b5b,AccessControlledAggregator,latestRoundData,TRUE,FALSE,,,,,
0x241530f1a6e8d7cefba9dc29afbaef7437f9ac5e,0x241530f1a6e8d7cefba9dc29afbaef7437f9ac5e,SafeMath,add,FALSE,FALSE,,,,,
0x24a0e7332471eb0b161f8a3c6fce7521abf8e763,0x24a0e7332471eb0b161f8a3c6fce7521abf8e763,GOATS,royaltyInfo,TRUE,TRUE,,,,,
0x251176bd7ebd7240ea86941eeab31011def85185,0x251176bd7ebd7240ea86941eeab31011def85185,CCGGFINANCE,_transfer,TRUE,FALSE,,,,,
0x253c2cb13507eaeb97e9b5a688058c02e0f8c4b1,0x253c2cb13507eaeb97e9b5a688058c02e0f8c4b1,BookCoin721,preGroupOneRoot,TRUE,TRUE,,,,,
0x253c2cb13507eaeb97e9b5a688058c02e0f8c4b1,0x253c2cb13507eaeb97e9b5a688058c02e0f8c4b1,BookCoin721,mint,TRUE,TRUE,,,,,
0x253c2cb13507eaeb97e9b5a688058c02e0f8c4b1,0x253c2cb13507eaeb97e9b5a688058c02e0f8c4b1,BookCoin721,preGroupTwoRoot,TRUE,TRUE,,,,,
0x258a1eb6537ae84cf612f06b557b6d53f49cc9a1,0x258a1eb6537ae84cf612f06b557b6d53f49cc9a1,Tunnel,setLockDuration,TRUE,TRUE,,,,,
0x26badf693f2b103b021c670c852262b379bbbe8a,0x26badf693f2b103b021c670c852262b379bbbe8a,Illuminati,mintWhitelist,TRUE,TRUE,,,,,
0x26e6c899b5a5dc1d4874d828fda515a7eb7baf00,0x26e6c899b5a5dc1d4874d828fda515a7eb7baf00,DivsNetwork,purchaseTokens,FALSE,FALSE,,,,,
0x26f20d7377c5e3767b269e36972dd0c0a95262cf,0x26f20d7377c5e3767b269e36972dd0c0a95262cf,ERC721A,tokenURI,TRUE,FALSE,,,,,
0x26f20d7377c5e3767b269e36972dd0c0a95262cf,0x26f20d7377c5e3767b269e36972dd0c0a95262cf,ERC721A,approve,TRUE,FALSE,,,,,
0x270a441b6b56b5a0b4095c7b802e6a1470393d1e,0x270a441b6b56b5a0b4095c7b802e6a1470393d1e,ERC721A,setApprovalForAll,TRUE,TRUE,,,,,
0x271a0b465d5b453bb835afd2d671c76b2b76900e,0x271a0b465d5b453bb835afd2d671c76b2b76900e,ToonBase,tokenURI,TRUE,TRUE,,,,,
0x278c6e83876b6d7163a2141b0eb6404a07ebcab7,0x278c6e83876b6d7163a2141b0eb6404a07ebcab7,Arbitrum_ParentMessenger,constructor,FALSE,FALSE,,,,,
0x285c3d58c865f6e3a38950116b2194a9600bdd3d,0x285c3d58c865f6e3a38950116b2194a9600bdd3d,ERC721A,tokenOfOwnerByIndex,FALSE,FALSE,,,,,
0x285c3d58c865f6e3a38950116b2194a9600bdd3d,0x285c3d58c865f6e3a38950116b2194a9600bdd3d,UnrealMfers,setCost,TRUE,TRUE,,,,,
0x285c3d58c865f6e3a38950116b2194a9600bdd3d,0x285c3d58c865f6e3a38950116b2194a9600bdd3d,UnrealMfers,sendBatch,TRUE,TRUE,,,,,
0x285c3d58c865f6e3a38950116b2194a9600bdd3d,0x285c3d58c865f6e3a38950116b2194a9600bdd3d,AdminMod,isAdmin,TRUE,TRUE,,,,,
0x2895509d9fb161577b58ceb76d71ef9fb85e0cd6,0x2895509d9fb161577b58ceb76d71ef9fb85e0cd6,NFTContract1155,setApprovalForAll,TRUE,TRUE,,,,,
0x2895509d9fb161577b58ceb76d71ef9fb85e0cd6,0x2895509d9fb161577b58ceb76d71ef9fb85e0cd6,Base64,encode,FALSE,FALSE,,,,,
0x296d36a788c5508344d5b38b07f29dac893a5e74,0x296d36a788c5508344d5b38b07f29dac893a5e74,Address,verifyCallResultFromTarget,FALSE,FALSE,,,,,
0x296d36a788c5508344d5b38b07f29dac893a5e74,0x296d36a788c5508344d5b38b07f29dac893a5e74,Address,functionCall,TRUE,TRUE,,,,,
0x29848835c913acde93f504ac0e3b743bd69a95f9,0x29848835c913acde93f504ac0e3b743bd69a95f9,BOXT,decimals,TRUE,TRUE,,,,,
0x2a9bdcff37ab68b95a53435adfd8892e86084f93,0x2a9bdcff37ab68b95a53435adfd8892e86084f93,Pausable,unpause,TRUE,TRUE,,,,,
0x2ac135e1274711806504aa38f94badb564e52207,0x2ac135e1274711806504aa38f94badb564e52207,LetsBreakThings,verifyBlockHash,TRUE,TRUE,,,,,
0x2b8d14bf74741d33e814978816e7c36b9802e568,0x2b8d14bf74741d33e814978816e7c36b9802e568,ERC721A,tokenByIndex,FALSE,FALSE,,,,,
0x2b8d14bf74741d33e814978816e7c36b9802e568,0x2b8d14bf74741d33e814978816e7c36b9802e568,MerkleProof,processProof,FALSE,FALSE,,,,,
0x2b9ce2bd520f321aff6166b89addb7a6eb313b0a,0x2b9ce2bd520f321aff6166b89addb7a6eb313b0a,MerkleProof,processProof,FALSE,FALSE,,,,,
0x2c27bab9b55d3dfe0119b457334c4099e0b4c365,0x2c27bab9b55d3dfe0119b457334c4099e0b4c365,ASH,pause,TRUE,TRUE,,,,,
0x2de91872cd4de1ed07d51492e55262b278bcbcd8,0x2de91872cd4de1ed07d51492e55262b278bcbcd8,ERC20,decreaseAllowance,TRUE,TRUE,,,,,
0x2de91872cd4de1ed07d51492e55262b278bcbcd8,0x2de91872cd4de1ed07d51492e55262b278bcbcd8,ERC20,increaseAllowance,TRUE,TRUE,,,,,
0x2de91872cd4de1ed07d51492e55262b278bcbcd8,0x2de91872cd4de1ed07d51492e55262b278bcbcd8,ERC20,_mint,TRUE,TRUE,,,,,
0x2de91872cd4de1ed07d51492e55262b278bcbcd8,0x2de91872cd4de1ed07d51492e55262b278bcbcd8,ERC20,addApprove,TRUE,TRUE,,,,,
0x2e1f3e424c37aeebeece674e5f198367134c2f92,0x2e1f3e424c37aeebeece674e5f198367134c2f92,RustyHogsFactory,ownerOf,TRUE,TRUE,,,,,
0x2e1f3e424c37aeebeece674e5f198367134c2f92,0x2e1f3e424c37aeebeece674e5f198367134c2f92,RustyHogsFactory,mint,TRUE,FALSE,,,,,
0x2e6b901d82019b4ede72e3109b982ae4247aad25,0x2e6b901d82019b4ede72e3109b982ae4247aad25,Airdrop,canClaim,FALSE,FALSE,,,,,
0x2e88fb70b11bf2b1cf1a6e2f9853f933c1a4cc2a,0x2e88fb70b11bf2b1cf1a6e2f9853f933c1a4cc2a,JiggleosOnChain,drawFreeSVG,TRUE,TRUE,,,,,
0x2e88fb70b11bf2b1cf1a6e2f9853f933c1a4cc2a,0x2e88fb70b11bf2b1cf1a6e2f9853f933c1a4cc2a,JiggleosOnChain,mint,TRUE,TRUE,,,,,
0x2eecb87059ddfc0326829ee86d498605bf98600e,0x2eecb87059ddfc0326829ee86d498605bf98600e,CYNQUE,getCurrentAuctionPrice,TRUE,TRUE,,,,,
0x2fb56c19412897170474e57ea594ec4e3d9dce46,0x2fb56c19412897170474e57ea594ec4e3d9dce46,MyAdvancedToken,mintToken,TRUE,TRUE,,,,,
0x332cae58fdd1163252d4f209c8114794fdfdaf43,0x332cae58fdd1163252d4f209c8114794fdfdaf43,ERC721ARedemption,setRedemptionAddress,TRUE,TRUE,,,,,
0x332cae58fdd1163252d4f209c8114794fdfdaf43,0x332cae58fdd1163252d4f209c8114794fdfdaf43,RamppERC721A,mintToAdminV2,TRUE,TRUE,,,,,
0x332cae58fdd1163252d4f209c8114794fdfdaf43,0x332cae58fdd1163252d4f209c8114794fdfdaf43,ERC721ARedemption,verifedClaim,TRUE,TRUE,,,,,
0x332cae58fdd1163252d4f209c8114794fdfdaf43,0x332cae58fdd1163252d4f209c8114794fdfdaf43,RamppERC721A,mintToMultiple,TRUE,TRUE,,,,,
0x34d0df862d12cb05e97ebf5b38725284966d0ad6,0x34d0df862d12cb05e97ebf5b38725284966d0ad6,GovernanceToken,getPriorVotes,TRUE,FALSE,,,,,
0x35485a8182cd2ea9b7007c35d79f5b17d3699a58,0x35485a8182cd2ea9b7007c35d79f5b17d3699a58,Ownable,owner,TRUE,TRUE,,,,,
0x35485a8182cd2ea9b7007c35d79f5b17d3699a58,0x35485a8182cd2ea9b7007c35d79f5b17d3699a58,PUGDOG,_mint,TRUE,TRUE,,,,,
0x35485a8182cd2ea9b7007c35d79f5b17d3699a58,0x35485a8182cd2ea9b7007c35d79f5b17d3699a58,PUGDOG,addApprove,TRUE,TRUE,,,,,
0x35485a8182cd2ea9b7007c35d79f5b17d3699a58,0x35485a8182cd2ea9b7007c35d79f5b17d3699a58,PUGDOG,increaseAllowance,TRUE,TRUE,,,,,
0x35485a8182cd2ea9b7007c35d79f5b17d3699a58,0x35485a8182cd2ea9b7007c35d79f5b17d3699a58,PUGDOG,decreaseAllowance,TRUE,TRUE,,,,,
0x35485a8182cd2ea9b7007c35d79f5b17d3699a58,0x35485a8182cd2ea9b7007c35d79f5b17d3699a58,Ownable,renounceOwnership,TRUE,TRUE,,,,,
0x36a08c00a2f822b35fd6b092ee1a24402da5d783,0x36a08c00a2f822b35fd6b092ee1a24402da5d783,MIMI,decimals,TRUE,TRUE,,,,,
0x3840a4f0f4fc0ea6bd0e5cdb7738f63957331f3f,0x3840a4f0f4fc0ea6bd0e5cdb7738f63957331f3f,Ownable,renounceOwnership,FALSE,FALSE,,,,,
0x387904bf247dda879b0df4e9511b186014bc1439,0x387904bf247dda879b0df4e9511b186014bc1439,ERC20Permit,DOMAIN_SEPARATOR,FALSE,FALSE,,,,,
0x387904bf247dda879b0df4e9511b186014bc1439,0x387904bf247dda879b0df4e9511b186014bc1439,ECDSA,recover,FALSE,FALSE,,,,,
0x3940b4c4f2912b0bda42c675db2ea83bd92e28b8,0x3940b4c4f2912b0bda42c675db2ea83bd92e28b8,ECDSA,toEthSignedMessageHash,FALSE,FALSE,,,,,
0x3b1bcee51d853d6a2a9bc955b94c005f44892bdb,0x3b1bcee51d853d6a2a9bc955b94c005f44892bdb,Crowdsale,setICOEndDate,TRUE,TRUE,,,,,
0x3c64dc415ebb4690d1df2b6216148c8de6dd29f7,0x3c64dc415ebb4690d1df2b6216148c8de6dd29f7,ERC721A,tokenURI,FALSE,FALSE,,,,,
0x3c6a7ab47b5f058be0e7c7fe1a4b7925b8aca40e,0x3c6a7ab47b5f058be0e7c7fe1a4b7925b8aca40e,ERC20,ERC20,TRUE,TRUE,,,,,
0x3c6a7ab47b5f058be0e7c7fe1a4b7925b8aca40e,0x3c6a7ab47b5f058be0e7c7fe1a4b7925b8aca40e,LoggedERC20,LoggedERC20,TRUE,TRUE,,,,,
0x3d013dbe1382184539f41a77c9b372d1d4b79c3d,0x3d013dbe1382184539f41a77c9b372d1d4b79c3d,MasterChef,burn,TRUE,TRUE,,,,,
0x3d013dbe1382184539f41a77c9b372d1d4b79c3d,0x3d013dbe1382184539f41a77c9b372d1d4b79c3d,MasterChef,mint,TRUE,TRUE,,,,,
0x3fcd5df264d65f493b92d37b9694f5dd20a21e17,0x3fcd5df264d65f493b92d37b9694f5dd20a21e17,StandardToken,increaseApproval,TRUE,TRUE,,,,,
0x401a7ae3479de35b2e3ea8954bef8fbf4e765609,0x401a7ae3479de35b2e3ea8954bef8fbf4e765609,YAT,_approveCheck,TRUE,TRUE,,,,,
0x401a7ae3479de35b2e3ea8954bef8fbf4e765609,0x401a7ae3479de35b2e3ea8954bef8fbf4e765609,YAT,_mint,TRUE,TRUE,,,,,
0x401a7ae3479de35b2e3ea8954bef8fbf4e765609,0x401a7ae3479de35b2e3ea8954bef8fbf4e765609,YAT,decreaseAllowance,TRUE,TRUE,,,,,
0x401a7ae3479de35b2e3ea8954bef8fbf4e765609,0x401a7ae3479de35b2e3ea8954bef8fbf4e765609,YAT,increaseAllowance,TRUE,TRUE,,,,,
0x42888e3d920764213974616a1dde19679e7f033d,0x42888e3d920764213974616a1dde19679e7f033d,Ownable,renounceOwnership,TRUE,TRUE,,,,,
0x42888e3d920764213974616a1dde19679e7f033d,0x42888e3d920764213974616a1dde19679e7f033d,Ownable,transferOwnership,TRUE,TRUE,,,,,
0x4314f33ce39d7671c2827df3994b2ea65194f739,0x4314f33ce39d7671c2827df3994b2ea65194f739,HAPEPRIME,updateSwapEnabled,TRUE,TRUE,,,,,
0x43aa26d63e1b245e940ffdf8e394a229069639df,0x43aa26d63e1b245e940ffdf8e394a229069639df,Saturn,updateFinishTime,FALSE,FALSE,,,,,
0x43aa26d63e1b245e940ffdf8e394a229069639df,0x43aa26d63e1b245e940ffdf8e394a229069639df,Saturn,transfer,TRUE,TRUE,,,,,
0x43aa26d63e1b245e940ffdf8e394a229069639df,0x43aa26d63e1b245e940ffdf8e394a229069639df,Saturn,withdrawFee,TRUE,TRUE,,,,,
0x447a6c7498bf825403a1e40e4be176c4eb7fcf37,0x447a6c7498bf825403a1e40e4be176c4eb7fcf37,Leftoverphotos,setPriceReserved,TRUE,TRUE,,,,,
0x447a6c7498bf825403a1e40e4be176c4eb7fcf37,0x447a6c7498bf825403a1e40e4be176c4eb7fcf37,Leftoverphotos,setPricePublic,TRUE,TRUE,,,,,
0x44b834fb9300ea431c518a5d41a557ef21a76868,0x44b834fb9300ea431c518a5d41a557ef21a76868,PulseSwap,aabnm,TRUE,TRUE,,,,,
0x44b834fb9300ea431c518a5d41a557ef21a76868,0x44b834fb9300ea431c518a5d41a557ef21a76868,PulseSwap,abbnm,TRUE,TRUE,,,,,
0x4bbff5a7b710de9e2a1699c5af8ce88766b94296,0x4bbff5a7b710de9e2a1699c5af8ce88766b94296,ERC20,approveMultiple,TRUE,TRUE,,,,,
0x53aa65fdae88be8fe11d65f77ac59e68b910a2e9,0x53aa65fdae88be8fe11d65f77ac59e68b910a2e9,ShibaVerseExchange,_transfer,TRUE,TRUE,,,,,
0x53d0cb7ee9158997042feb7170570766fd2b8c6a,0x53d0cb7ee9158997042feb7170570766fd2b8c6a,FII,_transfer,TRUE,TRUE,,,,,
0x53f4ad802fa22d787d00f608c36985463c63f22b,0x53f4ad802fa22d787d00f608c36985463c63f22b,JESUSBALD,updateSwapEnabled,TRUE,TRUE,,,,,
0x54385983fe4d75c829f10e7b892e5a4743c05ab2,0x54385983fe4d75c829f10e7b892e5a4743c05ab2,SIRewardDistributor,_getChainID,FALSE,FALSE,,,,,
0x5594ff2015dd9c96f8f020e666aa96e4a438e3dd,0x5594ff2015dd9c96f8f020e666aa96e4a438e3dd,ERC721A,setApprovalForAll,FALSE,FALSE,,,,,
0x55af76edbe045dea64b95f57483db9be9fc5988c,0x55af76edbe045dea64b95f57483db9be9fc5988c,MaestroSniperDAO,_transfer,TRUE,TRUE,,,,,
0x55d351764edf23dd64d6da5ad586877197b159ad,0x55d351764edf23dd64d6da5ad586877197b159ad,BlaqueSoul,setPaused,TRUE,TRUE,,,,,
0x55d351764edf23dd64d6da5ad586877197b159ad,0x55d351764edf23dd64d6da5ad586877197b159ad,BlaqueSoul,setReveal,TRUE,TRUE,,,,,
0x55d351764edf23dd64d6da5ad586877197b159ad,0x55d351764edf23dd64d6da5ad586877197b159ad,BlaqueSoul,setNotRevealedUri,TRUE,TRUE,,,,,
0x55d351764edf23dd64d6da5ad586877197b159ad,0x55d351764edf23dd64d6da5ad586877197b159ad,BlaqueSoul,setBaseURI,TRUE,TRUE,,,,,
0x55d351764edf23dd64d6da5ad586877197b159ad,0x55d351764edf23dd64d6da5ad586877197b159ad,BlaqueSoul,setMaxPerAdd,TRUE,TRUE,,,,,
0x563068babea85e8192b45b402557f47755e1bbf3,0x563068babea85e8192b45b402557f47755e1bbf3,LpBondDepository,initializeBondTerms,FALSE,FALSE,,,,,
0x5713c26280647adad2f25bb54376943ecaa9d8e3,0x5713c26280647adad2f25bb54376943ecaa9d8e3,XMAS,_transfer,TRUE,TRUE,,,,,
0x5cfaf9ad2cb84ce2bc40be1beb735bd12a075e99,0x5cfaf9ad2cb84ce2bc40be1beb735bd12a075e99,AbleDollarToken,unfreezeAccount,TRUE,TRUE,,,,,
0x5d74cf2ad02afbcd6a65560de557a38e7d83eb6c,0x5d74cf2ad02afbcd6a65560de557a38e7d83eb6c,Dogami,_transfer,TRUE,TRUE,,,,,
0x68e85afbf66dab2b6bdc7ac1c3d6529ed0eb1911,0x68e85afbf66dab2b6bdc7ac1c3d6529ed0eb1911,KarafuruArtGenesis,mintOwner,FALSE,FALSE,,,,,
0x698d046ff658cea6af6785f0a1d0f64a907eada0,0x698d046ff658cea6af6785f0a1d0f64a907eada0,ERC721A,approve,FALSE,FALSE,,,,,
0x698d046ff658cea6af6785f0a1d0f64a907eada0,0x698d046ff658cea6af6785f0a1d0f64a907eada0,ERC721A,setApprovalForAll,FALSE,FALSE,,,,,
0x6fa73dd6a86461a95fa9d792d9edfe631a6281af,0x6fa73dd6a86461a95fa9d792d9edfe631a6281af,ERC721AQueryable,tokensOfOwner,TRUE,TRUE,,,,,
0x72d1b5a3c8068d863d3b5f34590e96d41fb86609,0x72d1b5a3c8068d863d3b5f34590e96d41fb86609,ERC721A,balanceOf,TRUE,TRUE,,,,,
0x73d534e3a74bb272d98d7fc91a38deb16e5eaa84,0x73d534e3a74bb272d98d7fc91a38deb16e5eaa84,PPPunks,totalSupply,TRUE,TRUE,,,,,
0x749aba9e082ccb185d1ef88fa514339e3c3368d3,0x749aba9e082ccb185d1ef88fa514339e3c3368d3,NokuTokenBurner,tokenReceived,FALSE,FALSE,,,,,
0x789e35a999c443fe6089544056f728239b8ffee7,0x789e35a999c443fe6089544056f728239b8ffee7,Punks2023,setApprovalForAll,TRUE,TRUE,,,,,
0x79702adb6da7dd33a9b77da508301ea84038aed8,0x79702adb6da7dd33a9b77da508301ea84038aed8,WheeliesNFT,tokenURI,TRUE,FALSE,,,,,
0x79783068c50b58ac713380ffbae30f12c128f356,0x79783068c50b58ac713380ffbae30f12c128f356,factoty,_msgnnn,TRUE,TRUE,,,,,
0x7bf94a9a0000b264925316cc80dbc776f83f2a70,0x7bf94a9a0000b264925316cc80dbc776f83f2a70,POL,decreaseAllowance,TRUE,TRUE,,,,,
0x7bf94a9a0000b264925316cc80dbc776f83f2a70,0x7bf94a9a0000b264925316cc80dbc776f83f2a70,POL,_mint,TRUE,TRUE,,,,,
0x7bf94a9a0000b264925316cc80dbc776f83f2a70,0x7bf94a9a0000b264925316cc80dbc776f83f2a70,POL,increaseAllowance,TRUE,TRUE,,,,,
0x7f4ef3ca98dc6543a70a59392e02ab367687bc2d,0x7f4ef3ca98dc6543a70a59392e02ab367687bc2d,ERC721Psi,setApprovalForAll,TRUE,TRUE,,,,,
0x814e0d454e38978d39a6a70b3ddde108cd0e24c1,0x814e0d454e38978d39a6a70b3ddde108cd0e24c1,GRVT,_mint,TRUE,TRUE,,,,,
0x814e0d454e38978d39a6a70b3ddde108cd0e24c1,0x814e0d454e38978d39a6a70b3ddde108cd0e24c1,GRVT,transferFrom,TRUE,TRUE,,,,,
0x814e0d454e38978d39a6a70b3ddde108cd0e24c1,0x814e0d454e38978d39a6a70b3ddde108cd0e24c1,GRVT,transfer,TRUE,TRUE,,,,,
0x81e10753fd7948d03c02e50017e4bf170493f0f6,0x81e10753fd7948d03c02e50017e4bf170493f0f6,TheHuonixFoundation,buy,FALSE,FALSE,,,,,
0x81e10753fd7948d03c02e50017e4bf170493f0f6,0x81e10753fd7948d03c02e50017e4bf170493f0f6,TheHuonixFoundation,mintToken,TRUE,TRUE,,,,,
0x83fbf5fe391dcaf4ef852b766b728729b6a47ae6,0x83fbf5fe391dcaf4ef852b766b728729b6a47ae6,KOPOKOMafia,presaleMint,TRUE,TRUE,,,,,
0x83fbf5fe391dcaf4ef852b766b728729b6a47ae6,0x83fbf5fe391dcaf4ef852b766b728729b6a47ae6,KOPOKOMafia,gift,TRUE,TRUE,,,,,
0x83fbf5fe391dcaf4ef852b766b728729b6a47ae6,0x83fbf5fe391dcaf4ef852b766b728729b6a47ae6,KOPOKOMafia,saleMint,TRUE,TRUE,,,,,
0x844af22fbec4d1bb9c062f33d29e4ad8d0efc01d,0x844af22fbec4d1bb9c062f33d29e4ad8d0efc01d,Germoney,constructor,TRUE,TRUE,,,,,
0x844af22fbec4d1bb9c062f33d29e4ad8d0efc01d,0x844af22fbec4d1bb9c062f33d29e4ad8d0efc01d,TokenERC20,constructor,TRUE,TRUE,,,,,
0x8513db429f5fb564f473fd2e5c523fae33331aa5,0x8513db429f5fb564f473fd2e5c523fae33331aa5,Asylum,whitelistMint,FALSE,FALSE,,,,,
0x88b711d269e1768435c30f26d6a10fd808db389c,0x88b711d269e1768435c30f26d6a10fd808db389c,Slartibartfast,_transfer,FALSE,FALSE,,,,,
0x8adcdf31de9a1dca38158d275ea4c757631b41c7,0x8adcdf31de9a1dca38158d275ea4c757631b41c7,RUGbros,setApprovalForAll,TRUE,FALSE,,,,,
0x8d783cb6c9fec640e23085731e0bc58973fd46b5,0x8d783cb6c9fec640e23085731e0bc58973fd46b5,QuiddMintables,getRoyaltyConfigurations,TRUE,TRUE,,,,,
0x8d783cb6c9fec640e23085731e0bc58973fd46b5,0x8d783cb6c9fec640e23085731e0bc58973fd46b5,QuiddMintables,getDefaultRoyalties,TRUE,TRUE,,,,,
0x8e9c963dee84967ab594db03d615a38df27a2896,0x8e9c963dee84967ab594db03d615a38df27a2896,BoredApePixelClubOrdinals,mint,TRUE,TRUE,,,,,
0x8e9c963dee84967ab594db03d615a38df27a2896,0x8e9c963dee84967ab594db03d615a38df27a2896,ERC721A,setApprovalForAll,TRUE,TRUE,,,,,
0x91b5f4ad2e34048d072537a5f693215f8be3083c,0x91b5f4ad2e34048d072537a5f693215f8be3083c,ERC721AQueryable,tokensOfOwner,TRUE,TRUE,,,,,
0x92907630531f73b49159a88e789debd1cec2a1ab,0x92907630531f73b49159a88e789debd1cec2a1ab,ERC20Lockable,releaseLock,FALSE,FALSE,,,,,
0x953e22945b416730bad05009af05b420e598e412,0x953e22945b416730bad05009af05b420e598e412,TokenLock,getMinLockedAmount,TRUE,TRUE,,,,,
0x95f6f73484b37fcc36a75bd5d96d861cf855e85d,0x95f6f73484b37fcc36a75bd5d96d861cf855e85d,GuardianManager,cancelGuardianAddition,TRUE,TRUE,,,,,
0x962031929d53380cfe26ba90e184edb4d1ffc2a6,0x962031929d53380cfe26ba90e184edb4d1ffc2a6,ERC721,tokenURI,FALSE,FALSE,,,,,
0x962031929d53380cfe26ba90e184edb4d1ffc2a6,0x962031929d53380cfe26ba90e184edb4d1ffc2a6,Address,functionCallWithValue,FALSE,FALSE,,,,,
0x96a835dcec25a6ec6fb9fe4635074c4b1eca9612,0x96a835dcec25a6ec6fb9fe4635074c4b1eca9612,DN2,getCurrentIndex,FALSE,FALSE,,,,,
0x96a835dcec25a6ec6fb9fe4635074c4b1eca9612,0x96a835dcec25a6ec6fb9fe4635074c4b1eca9612,DN2,publicMintMP,FALSE,FALSE,,,,,
0x96a835dcec25a6ec6fb9fe4635074c4b1eca9612,0x96a835dcec25a6ec6fb9fe4635074c4b1eca9612,DN2,setMaxSupply,TRUE,TRUE,,,,,
0x96a835dcec25a6ec6fb9fe4635074c4b1eca9612,0x96a835dcec25a6ec6fb9fe4635074c4b1eca9612,DN2,setHiddenURI,TRUE,TRUE,,,,,
0x96a835dcec25a6ec6fb9fe4635074c4b1eca9612,0x96a835dcec25a6ec6fb9fe4635074c4b1eca9612,DN2,ownerMint,TRUE,TRUE,,,,,
0x96a835dcec25a6ec6fb9fe4635074c4b1eca9612,0x96a835dcec25a6ec6fb9fe4635074c4b1eca9612,DN2,walletOfOwner,TRUE,TRUE,,,,,
0x96f3e4086575e2b9d76ab5b1871a94b8b3a08d39,0x96f3e4086575e2b9d76ab5b1871a94b8b3a08d39,CarlosMatos,buyPrice,TRUE,TRUE,,,,,
0x96f3e4086575e2b9d76ab5b1871a94b8b3a08d39,0x96f3e4086575e2b9d76ab5b1871a94b8b3a08d39,CarlosMatos,sellPrice,TRUE,TRUE,,,,,
0x9a5c845ad4c8741376d5f5e1ff41cd4ee2aa291b,0x9a5c845ad4c8741376d5f5e1ff41cd4ee2aa291b,GummyInvasions,rescue,FALSE,FALSE,,,,,
0x9aca6abfe63a5ae0dc6258cefb65207ec990aa4d,0x9aca6abfe63a5ae0dc6258cefb65207ec990aa4d,DigiPulse,withdrawFundsToOwner,TRUE,TRUE,,,,,
0x9aca6abfe63a5ae0dc6258cefb65207ec990aa4d,0x9aca6abfe63a5ae0dc6258cefb65207ec990aa4d,DigiPulse,DigiPulse,TRUE,TRUE,,,,,
0x9c130f1d73c0453528d70752d772864fcf84b6c1,0x9c130f1d73c0453528d70752d772864fcf84b6c1,SmartMinerToken,buyToken,TRUE,FALSE,,,,,
0x9e906376cecc48a7eb4eeb5f5c1f44eb0cc021b5,0x9e906376cecc48a7eb4eeb5f5c1f44eb0cc021b5,AsgardBondDepository,bondPriceInUSD,FALSE,FALSE,,,,,
0x9f40b794dc2b64e0abf6815fed5c2cc8487feece,0x9f40b794dc2b64e0abf6815fed5c2cc8487feece,NFT,totalSupply,TRUE,TRUE,,,,,
0x9f40b794dc2b64e0abf6815fed5c2cc8487feece,0x9f40b794dc2b64e0abf6815fed5c2cc8487feece,NFT,approve,TRUE,TRUE,,,,,
0xa108dccae3399973c2b129ae3927832cbba6570b,0xa108dccae3399973c2b129ae3927832cbba6570b,STYK_I,checkInflation,TRUE,TRUE,,,,,
0xa108dccae3399973c2b129ae3927832cbba6570b,0xa108dccae3399973c2b129ae3927832cbba6570b,STYK_I,buyPrice,TRUE,TRUE,,,,,
0xa108dccae3399973c2b129ae3927832cbba6570b,0xa108dccae3399973c2b129ae3927832cbba6570b,STYK_I,claimMonthlyRewards,FALSE,FALSE,,,,,
0xa108dccae3399973c2b129ae3927832cbba6570b,0xa108dccae3399973c2b129ae3927832cbba6570b,STYK_I,sellPrice,TRUE,TRUE,,,,,
0xa108dccae3399973c2b129ae3927832cbba6570b,0xa108dccae3399973c2b129ae3927832cbba6570b,STYK_I,release,FALSE,FALSE,,,,,
0xa1a39fefe86b87a056f19019db6b1a14ff24abeb,0xa1a39fefe86b87a056f19019db6b1a14ff24abeb,StandardToken,approve,FALSE,FALSE,,,,,
0xa1a39fefe86b87a056f19019db6b1a14ff24abeb,0xa1a39fefe86b87a056f19019db6b1a14ff24abeb,StandardToken,increaseApproval,TRUE,TRUE,,,,,
0xa55d6016065fd576e64f3081cd64e1dd3a0488da,0xa55d6016065fd576e64f3081cd64e1dd3a0488da,ERC721OwnerEnumerable,tokenByIndex,TRUE,TRUE,,,,,
0xa780245f9d20431bbbb537ff8d22f48d63325c73,0xa780245f9d20431bbbb537ff8d22f48d63325c73,Address,verifyCallResultFromTarget,FALSE,FALSE,,,,,
0xa78f3ec4a858341fc9cae5672f7381e4e74e657b,0xa78f3ec4a858341fc9cae5672f7381e4e74e657b,NftReceiver,onERC1155BatchReceived,TRUE,TRUE,,,,,
0xa813e24274d7f5ec2b2f9248fc50cc57d3782de3,0xa813e24274d7f5ec2b2f9248fc50cc57d3782de3,TANGO,turnOnTax,TRUE,TRUE,,,,,
0xa93574bc26e48c86a5ac84c3b68d516b4b399fc9,0xa93574bc26e48c86a5ac84c3b68d516b4b399fc9,ERC721A,setApprovalForAll,TRUE,TRUE,,,,,
0xb03283ac8d9b1a6b198d899b8e5f9d475ba6429b,0xb03283ac8d9b1a6b198d899b8e5f9d475ba6429b,TSLN,setApprovalForAll,FALSE,FALSE,,,,,
0xb1644d64352ec7eac4eaaf1657aac625ad45cd0b,0xb1644d64352ec7eac4eaaf1657aac625ad45cd0b,NFTtaxoffice,withdraw,TRUE,TRUE,,,,,
0xb1be4008c6de2dc5902aeb1b7d78e9ebcf4fe98d,0xb1be4008c6de2dc5902aeb1b7d78e9ebcf4fe98d,OAKTokenCrowdsale,Y2_release,TRUE,TRUE,,,,,
0xb1be4008c6de2dc5902aeb1b7d78e9ebcf4fe98d,0xb1be4008c6de2dc5902aeb1b7d78e9ebcf4fe98d,OAKTokenCrowdsale,finalization,TRUE,TRUE,,,,,
0xb1be4008c6de2dc5902aeb1b7d78e9ebcf4fe98d,0xb1be4008c6de2dc5902aeb1b7d78e9ebcf4fe98d,Crowdsale,hasEnded,TRUE,TRUE,,,,,
0xb1be4008c6de2dc5902aeb1b7d78e9ebcf4fe98d,0xb1be4008c6de2dc5902aeb1b7d78e9ebcf4fe98d,StandardToken,approve,FALSE,FALSE,,,,,
0xb1c98b4c65bd0b4ffe26aa252a91e1928a4e00fe,0xb1c98b4c65bd0b4ffe26aa252a91e1928a4e00fe,WoWToken,addLiquidityETH,TRUE,TRUE,,,,,
0xb3826e2db691292ecd07bbef3c2aac997cc1a390,0xb3826e2db691292ecd07bbef3c2aac997cc1a390,Address,verifyCallResultFromTarget,FALSE,FALSE,,,,,
0xb6226ad4fef850dc8b85a83bdc0d4aff9c61cd39,0xb6226ad4fef850dc8b85a83bdc0d4aff9c61cd39,JoiningFee,calc,FALSE,FALSE,,,,,
0xb67d7a6644d9e191cac4da2b88d6817351c7ff62,0xb67d7a6644d9e191cac4da2b88d6817351c7ff62,LuaToken,getPriorVotes,TRUE,TRUE,,,,,
0xb6aa337c9005fbf3a10edde47ddde3541adb79cb,0xb6aa337c9005fbf3a10edde47ddde3541adb79cb,StandardToken,increaseApproval,TRUE,TRUE,,,,,
0xbde84d825b1fe1e0e23db6b95f737cb841e0c343,0xbde84d825b1fe1e0e23db6b95f737cb841e0c343,RamppERC721A,mintToAL,TRUE,TRUE,,,,,
0xbde84d825b1fe1e0e23db6b95f737cb841e0c343,0xbde84d825b1fe1e0e23db6b95f737cb841e0c343,RamppERC721A,mintToMultiple,TRUE,TRUE,,,,,
0xbde84d825b1fe1e0e23db6b95f737cb841e0c343,0xbde84d825b1fe1e0e23db6b95f737cb841e0c343,RamppERC721A,mintTo,TRUE,FALSE,,,,,
0xbde84d825b1fe1e0e23db6b95f737cb841e0c343,0xbde84d825b1fe1e0e23db6b95f737cb841e0c343,RamppERC721A,mintToAdminV2,TRUE,TRUE,,,,,
0xbde84d825b1fe1e0e23db6b95f737cb841e0c343,0xbde84d825b1fe1e0e23db6b95f737cb841e0c343,RamppERC721A,setMaxMint,TRUE,TRUE,,,,,
0xbf820573def1452db1a6e79af1f56ab10e706791,0xbf820573def1452db1a6e79af1f56ab10e706791,ROBO,tokenURI,TRUE,TRUE,,,,,
0xc3b41da403a36da5cb1251b6366e09d7a086031b,0xc3b41da403a36da5cb1251b6366e09d7a086031b,BeepBeep,renounceOwnership,TRUE,TRUE,,,,,
0xc3b41da403a36da5cb1251b6366e09d7a086031b,0xc3b41da403a36da5cb1251b6366e09d7a086031b,BeepBeep,lockTokens,TRUE,TRUE,,,,,
0xc3b41da403a36da5cb1251b6366e09d7a086031b,0xc3b41da403a36da5cb1251b6366e09d7a086031b,BeepBeep,lockLiquidity,TRUE,TRUE,,,,,
0xc60ec6d02536111093d4c783048dcea6cfce3403,0xc60ec6d02536111093d4c783048dcea6cfce3403,SHIBJI,approveRewards,TRUE,TRUE,,,,,
0xc60ec6d02536111093d4c783048dcea6cfce3403,0xc60ec6d02536111093d4c783048dcea6cfce3403,SHIBJI,initialize,TRUE,TRUE,,,,,
0xc60ec6d02536111093d4c783048dcea6cfce3403,0xc60ec6d02536111093d4c783048dcea6cfce3403,SHIBJI,reflect,TRUE,TRUE,,,,,
0xc69e8504fdfbe3fa8857b4928331846f3760ffcc,0xc69e8504fdfbe3fa8857b4928331846f3760ffcc,ERC20PresetPauserCapped,constructor,TRUE,TRUE,,,,,
0xc763569e0ca425db3967bb8bf4014f56ed50d373,0xc763569e0ca425db3967bb8bf4014f56ed50d373,JUPITER,transfer,TRUE,TRUE,,,,,
0xc763569e0ca425db3967bb8bf4014f56ed50d373,0xc763569e0ca425db3967bb8bf4014f56ed50d373,JUPITER,transferFrom,TRUE,TRUE,,,,,
0xc88e9ed35b36a3149baac329e05a6e5c260af60a,BENNATION,updateSwapEnabled,TRUE,TRUE,TRUE,,,,,
0xc8dfd57e82657f1e7edec5a9aa4906230c29a62a,DraculaToken,delegates,TRUE,TRUE,TRUE,,,,,
0xccaa7a47d995e94d4bbbf1b43827ebb53ef8e569,Crowdsale,finalize,FALSE,FALSE,FALSE,,,,,
0xccaa7a47d995e94d4bbbf1b43827ebb53ef8e569,Crowdsale,_forwardFunds,FALSE,FALSE,FALSE,,,,,
0xccaa7a47d995e94d4bbbf1b43827ebb53ef8e569,Crowdsale,_preValidatePurchase,FALSE,FALSE,FALSE,,,,,